transaction_id,customer_id,product,quantity,price,order_date,payment_status
1,229,Keyboard,1.0,1000.0,,Failed
2,148,Phone,-1.0,999999.0,2025/04/10,
3,74,Phone,3.0,999999.0,99-99-9999,Paid
2,46,Laptop,-1.0,1500.0,,PAID
3,291,Phone,2.0,1000.0,,paid
4,22,Tablet,,1500.0,,
5,115,Laptop,1.0,1000.0,99-99-9999,paid
6,64,Tablet,-1.0,1000.0,,PAID
9,62,Tablet,-1.0,500.0,99-99-9999,
8,290,Monitor,3.0,999999.0,01-05-2025,paid
11,133,Phone,,500.0,2025/04/10,paid
10,70,Tablet,2.0,500.0,99-99-9999,paid
11,183,Laptop,3.0,1500.0,01-05-2025,
14,94,Laptop,,1000.0,99-99-9999,paid
15,139,Tablet,1.0,,99-99-9999,PAID
16,71,Keyboard,3.0,1500.0,,Failed
17,84,Laptop,2.0,1000.0,2025/04/10,PAID
18,214,Monitor,1.0,500.0,2025/04/10,Paid
17,179,Tablet,3.0,1000.0,,
20,89,Tablet,1.0,500.0,2025/04/10,PAID
21,117,Tablet,2.0,1000.0,2025/04/10,Paid
20,58,Laptop,1.0,999999.0,,Paid
23,56,Laptop,,,01-05-2025,Failed
24,130,Laptop,1.0,1500.0,01-05-2025,Paid
25,106,Keyboard,2.0,1000.0,99-99-9999,Paid
26,75,Tablet,,1500.0,99-99-9999,PAID
27,259,Keyboard,1.0,500.0,01-05-2025,
28,99,Tablet,2.0,,01-05-2025,Paid
29,259,Monitor,3.0,,2025/04/10,Failed
30,93,Tablet,-1.0,999999.0,2025/04/10,
31,209,Laptop,3.0,500.0,,Paid
32,254,Tablet,3.0,,01-05-2025,Paid
33,253,Laptop,-1.0,1500.0,,
34,228,Phone,,999999.0,99-99-9999,Failed
35,36,Monitor,3.0,1000.0,01-05-2025,Failed
36,203,Monitor,,500.0,01-05-2025,PAID
35,206,Keyboard,1.0,1000.0,01-05-2025,paid
38,174,Phone,,999999.0,01-05-2025,PAID
37,256,Tablet,,,99-99-9999,Failed
40,244,Keyboard,-1.0,999999.0,99-99-9999,PAID
39,56,Laptop,3.0,999999.0,,PAID
42,16,Laptop,1.0,500.0,,Paid
43,196,Keyboard,3.0,1000.0,99-99-9999,
44,40,Keyboard,-1.0,999999.0,2025/04/10,paid
43,252,Keyboard,3.0,,99-99-9999,
46,17,Monitor,1.0,999999.0,,paid
45,227,Monitor,1.0,500.0,2025/04/10,
48,85,Monitor,-1.0,1000.0,99-99-9999,Failed
47,57,Keyboard,-1.0,,,Failed
50,260,Laptop,-1.0,1500.0,,
49,181,Tablet,3.0,500.0,01-05-2025,
52,66,Tablet,3.0,,01-05-2025,paid
51,50,Monitor,3.0,1500.0,,paid
54,126,Phone,2.0,1500.0,01-05-2025,Paid
55,59,Tablet,2.0,500.0,99-99-9999,Paid
54,217,Keyboard,,999999.0,99-99-9999,Paid
55,12,Tablet,-1.0,,,paid
58,251,Laptop,2.0,1500.0,,
59,86,Keyboard,3.0,1500.0,,PAID
58,39,Keyboard,2.0,1500.0,99-99-9999,Paid
61,294,Monitor,2.0,,01-05-2025,
62,173,Tablet,1.0,,,Failed
63,178,Laptop,3.0,,99-99-9999,Failed
64,103,Monitor,-1.0,1500.0,,
65,10,Keyboard,2.0,,,PAID
64,138,Keyboard,,999999.0,01-05-2025,
67,187,Monitor,2.0,1000.0,2025/04/10,paid
66,211,Tablet,1.0,1000.0,,paid
69,83,Tablet,,1000.0,,PAID
70,77,Phone,1.0,1000.0,99-99-9999,Failed
69,287,Monitor,-1.0,500.0,2025/04/10,PAID
72,70,Laptop,3.0,1500.0,2025/04/10,Paid
71,11,Laptop,1.0,1500.0,99-99-9999,Paid
72,187,Laptop,-1.0,1000.0,2025/04/10,Paid
75,268,Keyboard,,1500.0,,Paid
76,63,Tablet,3.0,,,PAID
75,112,Phone,1.0,1000.0,2025/04/10,paid
76,210,Tablet,,500.0,,
79,58,Tablet,,999999.0,,PAID
80,75,Tablet,-1.0,1500.0,99-99-9999,Paid
81,28,Phone,3.0,,,paid
82,63,Keyboard,2.0,999999.0,,Paid
81,131,Tablet,1.0,1000.0,99-99-9999,PAID
84,225,Tablet,-1.0,500.0,99-99-9999,Paid
83,242,Monitor,3.0,999999.0,01-05-2025,PAID
86,260,Laptop,3.0,999999.0,99-99-9999,Failed
87,27,Phone,-1.0,1000.0,01-05-2025,Failed
88,157,Tablet,,500.0,01-05-2025,PAID
89,265,Phone,,999999.0,99-99-9999,Failed
88,69,Tablet,2.0,,99-99-9999,paid
91,44,Monitor,3.0,1000.0,,Failed
92,11,Laptop,,,2025/04/10,Paid
91,102,Tablet,2.0,500.0,,
92,134,Phone,1.0,1500.0,2025/04/10,
95,8,Keyboard,-1.0,999999.0,,Paid
96,105,Phone,3.0,1500.0,,Failed
97,221,Phone,,1000.0,99-99-9999,PAID
96,93,Monitor,2.0,500.0,99-99-9999,paid
99,231,Phone,3.0,,,Paid
100,241,Phone,3.0,999999.0,2025/04/10,Failed
99,132,Laptop,1.0,,01-05-2025,Paid
102,121,Monitor,3.0,,01-05-2025,Paid
103,259,Keyboard,-1.0,1500.0,,paid
104,287,Laptop,,1000.0,99-99-9999,PAID
103,174,Monitor,2.0,500.0,99-99-9999,
104,73,Tablet,1.0,1500.0,01-05-2025,PAID
105,144,Tablet,-1.0,1500.0,99-99-9999,
108,265,Tablet,-1.0,1000.0,99-99-9999,Failed
109,285,Monitor,1.0,1000.0,2025/04/10,Paid
110,94,Laptop,-1.0,1500.0,2025/04/10,Failed
109,60,Monitor,1.0,999999.0,99-99-9999,
110,235,Monitor,1.0,1000.0,01-05-2025,paid
113,105,Tablet,2.0,1000.0,99-99-9999,
114,299,Laptop,,,2025/04/10,Failed
115,127,Monitor,1.0,1500.0,01-05-2025,paid
116,202,Tablet,,500.0,99-99-9999,PAID
117,42,Monitor,-1.0,999999.0,99-99-9999,
118,169,Laptop,,999999.0,99-99-9999,
119,109,Laptop,3.0,1500.0,01-05-2025,Paid
118,48,Monitor,3.0,1000.0,2025/04/10,Failed
121,11,Phone,2.0,999999.0,,paid
122,62,Tablet,-1.0,999999.0,99-99-9999,
123,184,Laptop,3.0,,2025/04/10,Failed
122,199,Monitor,3.0,,,Paid
123,189,Keyboard,2.0,999999.0,,Paid
126,263,Tablet,-1.0,1000.0,2025/04/10,Failed
127,149,Monitor,-1.0,500.0,,paid
128,66,Tablet,2.0,,,paid
129,283,Laptop,1.0,,01-05-2025,
128,212,Laptop,-1.0,,99-99-9999,paid
131,300,Laptop,,500.0,01-05-2025,Failed
132,94,Monitor,1.0,500.0,,paid
133,233,Monitor,,1500.0,99-99-9999,PAID
134,95,Laptop,,1500.0,01-05-2025,Failed
135,3,Monitor,1.0,500.0,2025/04/10,Failed
134,208,Keyboard,-1.0,1500.0,99-99-9999,Failed
137,45,Phone,2.0,500.0,2025/04/10,Paid
138,97,Laptop,2.0,999999.0,2025/04/10,PAID
137,276,Phone,1.0,1500.0,,PAID
138,217,Laptop,1.0,1000.0,2025/04/10,Failed
139,242,Laptop,-1.0,,2025/04/10,PAID
142,292,Monitor,1.0,1500.0,01-05-2025,Paid
141,213,Monitor,,,99-99-9999,Paid
142,205,Monitor,,,,PAID
145,271,Laptop,-1.0,,99-99-9999,
146,138,Monitor,-1.0,500.0,,
147,230,Monitor,1.0,1000.0,99-99-9999,PAID
146,177,Monitor,2.0,,2025/04/10,
149,240,Phone,3.0,999999.0,,paid
148,83,Keyboard,2.0,1500.0,01-05-2025,Failed
151,89,Phone,2.0,,,Paid
150,253,Tablet,2.0,1000.0,01-05-2025,Paid
153,134,Tablet,2.0,1000.0,01-05-2025,Paid
154,221,Laptop,,1000.0,01-05-2025,
155,250,Tablet,3.0,1500.0,01-05-2025,
156,78,Keyboard,,500.0,01-05-2025,Failed
155,57,Laptop,,,01-05-2025,
158,260,Laptop,2.0,500.0,2025/04/10,paid
159,150,Monitor,,999999.0,01-05-2025,PAID
160,172,Phone,1.0,1000.0,,Failed
161,126,Monitor,3.0,1500.0,2025/04/10,Paid
162,191,Monitor,3.0,1000.0,2025/04/10,
161,117,Phone,-1.0,999999.0,,Failed
164,16,Monitor,2.0,500.0,01-05-2025,Paid
165,162,Monitor,2.0,999999.0,01-05-2025,Failed
166,78,Keyboard,1.0,,99-99-9999,Failed
165,284,Tablet,3.0,1500.0,01-05-2025,paid
168,207,Monitor,2.0,,,paid
167,102,Tablet,1.0,500.0,99-99-9999,Failed
170,267,Keyboard,3.0,1000.0,01-05-2025,
171,267,Tablet,2.0,500.0,01-05-2025,
172,124,Tablet,-1.0,,01-05-2025,Paid
173,133,Keyboard,3.0,500.0,01-05-2025,Paid
172,153,Keyboard,1.0,999999.0,99-99-9999,PAID
175,180,Tablet,3.0,,2025/04/10,Failed
176,54,Tablet,,,2025/04/10,paid
175,51,Phone,-1.0,999999.0,01-05-2025,Paid
178,218,Phone,-1.0,1000.0,,Paid
179,270,Monitor,,,,paid
178,217,Monitor,-1.0,999999.0,2025/04/10,PAID
181,249,Monitor,2.0,,01-05-2025,PAID
180,243,Laptop,2.0,,99-99-9999,Paid
181,57,Laptop,3.0,,99-99-9999,Paid
184,61,Tablet,3.0,1500.0,99-99-9999,paid
183,15,Phone,2.0,,,Paid
186,146,Phone,2.0,999999.0,01-05-2025,Paid
187,35,Laptop,-1.0,999999.0,99-99-9999,
186,173,Monitor,-1.0,,2025/04/10,PAID
187,231,Monitor,2.0,1500.0,01-05-2025,
188,199,Phone,-1.0,1500.0,01-05-2025,Failed
191,46,Phone,1.0,,99-99-9999,
192,287,Laptop,2.0,,01-05-2025,
193,244,Keyboard,1.0,500.0,2025/04/10,Paid
194,106,Phone,,999999.0,01-05-2025,
195,206,Keyboard,1.0,999999.0,01-05-2025,paid
194,93,Monitor,1.0,,99-99-9999,Failed
197,47,Laptop,1.0,,2025/04/10,paid
198,94,Tablet,1.0,1000.0,99-99-9999,Failed
199,31,Keyboard,3.0,1000.0,01-05-2025,Paid
200,200,Laptop,3.0,1000.0,,paid
201,193,Laptop,1.0,1000.0,2025/04/10,
202,253,Keyboard,,999999.0,01-05-2025,paid
203,163,Monitor,,999999.0,01-05-2025,Failed
204,209,Phone,1.0,1500.0,01-05-2025,PAID
205,156,Keyboard,-1.0,999999.0,01-05-2025,
206,73,Tablet,,1000.0,2025/04/10,
205,285,Monitor,1.0,500.0,,
208,86,Laptop,1.0,999999.0,99-99-9999,
209,195,Tablet,2.0,,99-99-9999,Paid
210,274,Keyboard,1.0,1500.0,01-05-2025,Failed
211,72,Keyboard,3.0,999999.0,2025/04/10,
212,176,Tablet,-1.0,1500.0,2025/04/10,paid
213,108,Monitor,,1500.0,01-05-2025,PAID
214,244,Laptop,1.0,1000.0,,
213,202,Keyboard,1.0,500.0,01-05-2025,Failed
216,181,Monitor,,1500.0,,PAID
217,64,Monitor,3.0,1000.0,,Paid
218,11,Tablet,3.0,1000.0,01-05-2025,
219,114,Phone,-1.0,1500.0,01-05-2025,paid
218,108,Laptop,2.0,999999.0,01-05-2025,paid
219,88,Keyboard,2.0,,2025/04/10,Paid
222,34,Phone,3.0,,2025/04/10,
223,99,Laptop,,,99-99-9999,
222,2,Monitor,1.0,1500.0,,Failed
225,63,Keyboard,-1.0,999999.0,99-99-9999,
226,115,Laptop,3.0,999999.0,,paid
227,201,Phone,3.0,500.0,01-05-2025,PAID
226,39,Phone,2.0,1000.0,99-99-9999,paid
229,50,Laptop,-1.0,999999.0,01-05-2025,
230,129,Phone,1.0,999999.0,2025/04/10,paid
231,171,Keyboard,2.0,500.0,,Paid
230,297,Laptop,1.0,500.0,01-05-2025,Failed
233,34,Phone,1.0,999999.0,01-05-2025,paid
232,34,Laptop,1.0,,01-05-2025,paid
233,206,Laptop,,999999.0,2025/04/10,
236,233,Monitor,-1.0,999999.0,01-05-2025,paid
237,233,Keyboard,3.0,,2025/04/10,Paid
238,7,Keyboard,1.0,,2025/04/10,
239,261,Tablet,3.0,999999.0,,
238,96,Phone,2.0,500.0,01-05-2025,PAID
241,300,Monitor,,1500.0,99-99-9999,
242,76,Monitor,3.0,,99-99-9999,paid
243,5,Keyboard,,1000.0,01-05-2025,PAID
244,217,Tablet,2.0,1000.0,2025/04/10,Paid
245,97,Monitor,-1.0,,99-99-9999,
246,154,Monitor,3.0,1000.0,01-05-2025,Failed
247,254,Phone,1.0,1000.0,2025/04/10,Failed
248,123,Monitor,3.0,999999.0,2025/04/10,Failed
249,4,Tablet,1.0,500.0,99-99-9999,Paid
250,73,Tablet,-1.0,1000.0,99-99-9999,Paid
251,102,Phone,3.0,1000.0,2025/04/10,paid
252,174,Keyboard,2.0,1000.0,2025/04/10,Paid
253,135,Laptop,1.0,1000.0,,Paid
254,108,Tablet,-1.0,1000.0,99-99-9999,paid
255,270,Keyboard,-1.0,500.0,01-05-2025,PAID
256,98,Phone,,999999.0,99-99-9999,paid
255,126,Laptop,,,2025/04/10,
258,77,Tablet,2.0,500.0,99-99-9999,PAID
257,108,Laptop,-1.0,,01-05-2025,PAID
258,261,Tablet,-1.0,,,PAID
261,192,Keyboard,-1.0,999999.0,,paid
260,299,Laptop,2.0,1000.0,2025/04/10,Failed
263,203,Phone,3.0,999999.0,,
264,192,Tablet,,500.0,2025/04/10,Paid
265,228,Keyboard,3.0,1000.0,01-05-2025,Failed
266,219,Monitor,-1.0,999999.0,,paid
265,163,Tablet,-1.0,500.0,2025/04/10,Failed
268,136,Laptop,3.0,500.0,99-99-9999,
269,142,Phone,1.0,500.0,01-05-2025,paid
270,280,Phone,3.0,1000.0,99-99-9999,paid
271,141,Phone,,1000.0,99-99-9999,Paid
272,145,Tablet,-1.0,999999.0,01-05-2025,Failed
273,204,Phone,2.0,1000.0,,PAID
272,237,Tablet,1.0,1500.0,2025/04/10,Failed
273,108,Monitor,-1.0,,01-05-2025,paid
276,296,Phone,3.0,500.0,,paid
277,116,Monitor,-1.0,999999.0,99-99-9999,paid
278,291,Laptop,2.0,1000.0,99-99-9999,
277,196,Phone,-1.0,500.0,,PAID
278,56,Tablet,,999999.0,99-99-9999,Paid
281,54,Keyboard,2.0,500.0,,Paid
282,102,Laptop,-1.0,1500.0,2025/04/10,PAID
283,269,Laptop,-1.0,500.0,99-99-9999,
284,88,Tablet,-1.0,999999.0,2025/04/10,Paid
285,275,Monitor,-1.0,500.0,,PAID
286,106,Tablet,-1.0,999999.0,2025/04/10,
287,104,Keyboard,-1.0,1500.0,2025/04/10,Paid
288,229,Laptop,-1.0,,2025/04/10,
289,292,Monitor,-1.0,999999.0,01-05-2025,Paid
290,234,Tablet,3.0,999999.0,2025/04/10,Failed
291,92,Keyboard,-1.0,999999.0,,PAID
292,202,Laptop,2.0,1000.0,99-99-9999,
293,35,Phone,-1.0,999999.0,01-05-2025,paid
294,54,Keyboard,3.0,999999.0,,PAID
295,107,Keyboard,1.0,999999.0,01-05-2025,Paid
294,196,Tablet,-1.0,1000.0,,Paid
297,129,Laptop,2.0,1500.0,,Failed
296,35,Laptop,,1000.0,,PAID
297,143,Phone,2.0,500.0,01-05-2025,PAID
300,64,Keyboard,-1.0,1000.0,01-05-2025,Paid
301,79,Monitor,3.0,1000.0,2025/04/10,Paid
302,227,Laptop,,500.0,,paid
301,27,Keyboard,1.0,500.0,,PAID
304,192,Phone,2.0,500.0,01-05-2025,Failed
305,8,Tablet,2.0,500.0,2025/04/10,Paid
306,86,Laptop,-1.0,,01-05-2025,paid
307,288,Phone,,1000.0,,Failed
308,119,Phone,1.0,1500.0,99-99-9999,PAID
309,206,Tablet,1.0,999999.0,2025/04/10,Failed
310,34,Tablet,,1500.0,01-05-2025,Paid
311,211,Tablet,,999999.0,01-05-2025,
312,129,Laptop,,1500.0,,PAID
313,90,Tablet,-1.0,500.0,99-99-9999,Paid
312,196,Keyboard,2.0,,01-05-2025,PAID
315,64,Tablet,2.0,999999.0,2025/04/10,
316,31,Phone,3.0,999999.0,99-99-9999,PAID
317,193,Phone,1.0,1000.0,,paid
318,143,Tablet,1.0,,,paid
319,118,Tablet,3.0,1000.0,2025/04/10,
320,128,Phone,,999999.0,99-99-9999,PAID
319,4,Laptop,-1.0,500.0,2025/04/10,Paid
322,105,Phone,1.0,1000.0,2025/04/10,PAID
323,219,Monitor,3.0,1000.0,2025/04/10,PAID
322,91,Keyboard,2.0,1500.0,99-99-9999,
323,104,Tablet,-1.0,500.0,99-99-9999,Failed
324,86,Monitor,-1.0,999999.0,,PAID
325,11,Monitor,-1.0,500.0,99-99-9999,
328,284,Phone,3.0,999999.0,,paid
327,146,Monitor,,,,Paid
330,70,Monitor,2.0,1000.0,2025/04/10,Paid
331,257,Tablet,-1.0,999999.0,,Failed
332,197,Monitor,3.0,,01-05-2025,Failed
333,64,Monitor,,1000.0,2025/04/10,Failed
334,179,Keyboard,-1.0,1500.0,01-05-2025,Failed
333,127,Phone,-1.0,500.0,99-99-9999,Paid
336,134,Keyboard,-1.0,1000.0,99-99-9999,PAID
337,7,Laptop,1.0,999999.0,,
338,266,Phone,-1.0,1000.0,,paid
339,257,Keyboard,-1.0,,99-99-9999,Failed
340,56,Keyboard,3.0,1000.0,99-99-9999,PAID
339,158,Laptop,2.0,999999.0,01-05-2025,Paid
342,214,Keyboard,-1.0,1500.0,,PAID
343,192,Phone,2.0,1000.0,,PAID
344,231,Keyboard,2.0,1000.0,2025/04/10,Paid
345,99,Tablet,-1.0,999999.0,01-05-2025,PAID
346,151,Laptop,-1.0,500.0,99-99-9999,Paid
347,16,Keyboard,2.0,999999.0,,Paid
348,32,Tablet,1.0,,01-05-2025,Paid
349,268,Laptop,-1.0,,99-99-9999,Failed
348,173,Keyboard,-1.0,1500.0,99-99-9999,paid
351,123,Tablet,-1.0,999999.0,01-05-2025,paid
352,52,Laptop,-1.0,999999.0,2025/04/10,Paid
353,272,Tablet,2.0,1500.0,,
352,264,Monitor,2.0,500.0,99-99-9999,Paid
355,24,Tablet,-1.0,1000.0,,Failed
356,179,Monitor,-1.0,500.0,,paid
357,74,Keyboard,,,01-05-2025,PAID
356,45,Tablet,,999999.0,2025/04/10,Failed
359,247,Keyboard,2.0,1000.0,2025/04/10,PAID
360,55,Monitor,1.0,1000.0,99-99-9999,Failed
361,113,Tablet,-1.0,500.0,2025/04/10,
360,47,Tablet,2.0,,01-05-2025,paid
361,196,Keyboard,-1.0,1000.0,2025/04/10,paid
364,149,Laptop,1.0,500.0,99-99-9999,
365,60,Keyboard,3.0,1000.0,99-99-9999,Failed
366,160,Laptop,,,2025/04/10,Failed
365,164,Tablet,2.0,,2025/04/10,Paid
366,5,Keyboard,-1.0,1500.0,2025/04/10,paid
369,256,Monitor,2.0,,99-99-9999,PAID
370,164,Tablet,,500.0,99-99-9999,
369,111,Monitor,3.0,999999.0,01-05-2025,paid
372,108,Phone,1.0,1000.0,,Failed
373,82,Laptop,,999999.0,99-99-9999,Failed
372,179,Monitor,-1.0,500.0,99-99-9999,paid
375,281,Monitor,1.0,1000.0,99-99-9999,
376,156,Monitor,2.0,,2025/04/10,Failed
375,150,Phone,2.0,1000.0,2025/04/10,Paid
378,295,Laptop,2.0,999999.0,,PAID
379,50,Tablet,-1.0,1000.0,01-05-2025,Paid
380,223,Phone,-1.0,1000.0,01-05-2025,Paid
381,204,Monitor,3.0,,2025/04/10,Failed
382,238,Monitor,3.0,999999.0,99-99-9999,Paid
383,60,Laptop,1.0,999999.0,2025/04/10,Paid
382,141,Laptop,,1000.0,,Failed
383,153,Keyboard,2.0,500.0,99-99-9999,Paid
386,208,Laptop,-1.0,,,Paid
387,107,Laptop,2.0,,2025/04/10,Paid
386,161,Laptop,1.0,1000.0,2025/04/10,PAID
389,288,Tablet,1.0,500.0,01-05-2025,
390,187,Keyboard,2.0,999999.0,01-05-2025,PAID
391,24,Keyboard,3.0,,,PAID
390,161,Keyboard,3.0,,2025/04/10,Paid
393,122,Laptop,2.0,1000.0,99-99-9999,PAID
394,283,Phone,,1500.0,99-99-9999,PAID
393,39,Keyboard,3.0,1500.0,,PAID
394,234,Laptop,3.0,999999.0,2025/04/10,
397,37,Tablet,2.0,1500.0,2025/04/10,Failed
398,162,Monitor,-1.0,500.0,2025/04/10,Paid
399,64,Keyboard,1.0,,,Paid
400,46,Tablet,3.0,1500.0,2025/04/10,PAID
401,6,Laptop,-1.0,1000.0,,Paid
402,90,Keyboard,3.0,,,Paid
403,293,Tablet,,1500.0,01-05-2025,Paid
404,163,Monitor,2.0,1500.0,,Failed
405,133,Laptop,,1000.0,2025/04/10,PAID
404,291,Tablet,1.0,1500.0,2025/04/10,
405,235,Phone,-1.0,1500.0,,
408,142,Monitor,,1000.0,99-99-9999,Paid
409,209,Tablet,1.0,500.0,01-05-2025,PAID
410,85,Keyboard,1.0,500.0,99-99-9999,
409,6,Monitor,,1000.0,,Failed
412,208,Laptop,,1000.0,01-05-2025,Failed
413,126,Keyboard,,500.0,,PAID
414,90,Laptop,3.0,1000.0,99-99-9999,Paid
413,254,Monitor,2.0,1500.0,01-05-2025,paid
416,277,Laptop,3.0,1500.0,,paid
417,110,Laptop,,999999.0,2025/04/10,paid
418,238,Keyboard,-1.0,500.0,99-99-9999,Paid
417,169,Tablet,3.0,500.0,01-05-2025,paid
420,206,Tablet,1.0,500.0,,Failed
421,44,Keyboard,,1000.0,,Paid
420,4,Phone,3.0,1000.0,,Failed
423,154,Tablet,-1.0,1000.0,99-99-9999,Paid
422,225,Phone,2.0,1500.0,,Paid
425,102,Laptop,2.0,1500.0,01-05-2025,PAID
424,216,Tablet,1.0,1000.0,2025/04/10,Failed
427,61,Monitor,-1.0,,,PAID
428,205,Keyboard,-1.0,1000.0,01-05-2025,Paid
429,65,Phone,3.0,,01-05-2025,PAID
430,176,Monitor,,500.0,,Failed
431,145,Monitor,1.0,999999.0,2025/04/10,
432,262,Phone,2.0,1500.0,01-05-2025,paid
433,220,Phone,-1.0,500.0,2025/04/10,PAID
434,118,Laptop,2.0,999999.0,01-05-2025,paid
435,75,Monitor,1.0,,2025/04/10,Paid
436,195,Monitor,,1500.0,2025/04/10,PAID
437,219,Monitor,1.0,,,Paid
438,57,Tablet,3.0,1500.0,99-99-9999,Failed
439,164,Laptop,2.0,500.0,01-05-2025,Paid
440,109,Tablet,-1.0,1500.0,01-05-2025,Failed
441,130,Monitor,3.0,1500.0,99-99-9999,Paid
442,7,Keyboard,2.0,1500.0,99-99-9999,paid
443,122,Tablet,2.0,,,Paid
444,67,Keyboard,1.0,500.0,2025/04/10,PAID
443,51,Laptop,,,99-99-9999,paid
444,104,Keyboard,2.0,500.0,2025/04/10,PAID
445,282,Tablet,,1500.0,99-99-9999,Failed
448,224,Laptop,-1.0,999999.0,01-05-2025,PAID
449,67,Tablet,1.0,,01-05-2025,PAID
448,254,Keyboard,,500.0,2025/04/10,Failed
449,288,Monitor,-1.0,,99-99-9999,PAID
452,2,Phone,,1000.0,01-05-2025,
451,258,Keyboard,3.0,1500.0,2025/04/10,paid
454,283,Laptop,2.0,1000.0,01-05-2025,
455,150,Laptop,2.0,1500.0,2025/04/10,paid
456,128,Phone,,500.0,01-05-2025,paid
457,167,Laptop,,1500.0,2025/04/10,Failed
458,167,Laptop,1.0,1500.0,2025/04/10,paid
459,132,Laptop,,,01-05-2025,Failed
460,283,Phone,-1.0,1000.0,99-99-9999,paid
461,298,Monitor,2.0,999999.0,2025/04/10,Failed
462,76,Monitor,1.0,999999.0,2025/04/10,Failed
463,91,Phone,,999999.0,2025/04/10,paid
464,159,Phone,2.0,999999.0,2025/04/10,Paid
465,37,Monitor,2.0,999999.0,,Paid
466,7,Keyboard,1.0,999999.0,,Paid
467,7,Laptop,2.0,1000.0,01-05-2025,paid
468,7,Laptop,1.0,,99-99-9999,Paid
469,72,Monitor,,999999.0,2025/04/10,paid
470,246,Phone,2.0,500.0,99-99-9999,
471,11,Laptop,1.0,,99-99-9999,Paid
470,73,Laptop,2.0,500.0,2025/04/10,Failed
471,76,Tablet,3.0,1000.0,,Paid
472,87,Laptop,2.0,500.0,99-99-9999,paid
475,171,Laptop,3.0,500.0,01-05-2025,
476,92,Monitor,,1500.0,2025/04/10,Failed
477,155,Keyboard,3.0,1500.0,01-05-2025,paid
476,189,Tablet,1.0,500.0,2025/04/10,PAID
479,76,Monitor,-1.0,999999.0,01-05-2025,Paid
478,143,Phone,1.0,1500.0,2025/04/10,PAID
479,181,Tablet,-1.0,999999.0,,Failed
482,71,Phone,-1.0,999999.0,,
481,273,Keyboard,2.0,999999.0,01-05-2025,
482,270,Keyboard,2.0,500.0,2025/04/10,paid
485,105,Laptop,3.0,,,PAID
486,31,Tablet,3.0,1000.0,99-99-9999,Failed
487,283,Monitor,2.0,1000.0,2025/04/10,Paid
488,61,Phone,-1.0,500.0,,paid
489,55,Keyboard,1.0,999999.0,2025/04/10,Paid
490,188,Phone,1.0,1000.0,01-05-2025,Paid
489,77,Phone,-1.0,1000.0,99-99-9999,Failed
490,173,Monitor,1.0,1500.0,01-05-2025,PAID
493,17,Keyboard,2.0,,2025/04/10,Paid
492,217,Monitor,,1500.0,99-99-9999,PAID
493,81,Tablet,1.0,,,PAID
496,206,Keyboard,1.0,1000.0,,PAID
497,240,Monitor,3.0,999999.0,,PAID
498,191,Monitor,2.0,1500.0,01-05-2025,Paid
499,186,Keyboard,3.0,500.0,2025/04/10,paid
500,278,Laptop,1.0,1000.0,01-05-2025,paid
501,283,Phone,1.0,1000.0,99-99-9999,Paid
502,289,Monitor,1.0,500.0,99-99-9999,Paid
503,5,Tablet,3.0,999999.0,2025/04/10,paid
502,183,Phone,1.0,1500.0,,
505,258,Phone,1.0,,,Failed
506,149,Phone,2.0,999999.0,01-05-2025,Paid
507,111,Phone,2.0,,99-99-9999,Failed
508,174,Tablet,3.0,,,Paid
507,123,Phone,,,01-05-2025,PAID
508,50,Laptop,2.0,1500.0,01-05-2025,Failed
511,233,Tablet,2.0,1500.0,2025/04/10,Paid
512,296,Tablet,3.0,500.0,01-05-2025,PAID
511,133,Monitor,3.0,999999.0,2025/04/10,Paid
512,21,Tablet,3.0,999999.0,,
515,226,Tablet,,,99-99-9999,paid
516,212,Keyboard,-1.0,1500.0,01-05-2025,
517,126,Keyboard,1.0,1000.0,01-05-2025,paid
516,82,Keyboard,-1.0,500.0,2025/04/10,Failed
517,48,Tablet,-1.0,999999.0,,Paid
520,93,Laptop,-1.0,999999.0,2025/04/10,Failed
521,34,Tablet,3.0,,,PAID
520,59,Tablet,-1.0,500.0,2025/04/10,Failed
523,110,Tablet,,500.0,,Paid
524,221,Monitor,2.0,500.0,2025/04/10,Paid
523,139,Tablet,2.0,500.0,2025/04/10,Paid
526,208,Laptop,3.0,999999.0,,
527,133,Phone,1.0,500.0,,paid
528,85,Phone,3.0,999999.0,,Failed
529,224,Tablet,,999999.0,01-05-2025,
530,40,Keyboard,,1000.0,99-99-9999,paid
531,78,Monitor,2.0,999999.0,99-99-9999,Paid
530,135,Keyboard,1.0,999999.0,2025/04/10,Failed
533,19,Phone,2.0,999999.0,2025/04/10,
532,111,Tablet,2.0,1000.0,01-05-2025,paid
535,9,Tablet,3.0,,01-05-2025,Failed
534,212,Monitor,3.0,1500.0,,
537,59,Phone,-1.0,999999.0,99-99-9999,PAID
538,278,Monitor,-1.0,1500.0,,paid
539,45,Laptop,1.0,500.0,,Paid
538,279,Laptop,-1.0,,01-05-2025,paid
539,109,Phone,-1.0,,,Paid
542,241,Laptop,3.0,999999.0,,Failed
543,192,Phone,,1500.0,99-99-9999,paid
544,213,Phone,1.0,999999.0,01-05-2025,Paid
545,79,Tablet,,,99-99-9999,paid
546,293,Monitor,2.0,,,PAID
545,27,Keyboard,-1.0,1000.0,,PAID
546,163,Keyboard,2.0,999999.0,2025/04/10,Paid
549,259,Laptop,,999999.0,99-99-9999,
550,166,Phone,1.0,500.0,01-05-2025,Failed
551,79,Laptop,,,01-05-2025,
550,13,Phone,-1.0,1500.0,2025/04/10,PAID
553,153,Phone,,1000.0,,paid
554,141,Laptop,2.0,500.0,01-05-2025,Paid
553,63,Laptop,2.0,1500.0,99-99-9999,PAID
556,40,Monitor,3.0,1000.0,,Paid
555,12,Monitor,1.0,999999.0,01-05-2025,PAID
556,193,Tablet,-1.0,1000.0,2025/04/10,paid
559,92,Keyboard,,500.0,01-05-2025,paid
560,248,Keyboard,,,01-05-2025,PAID
561,63,Phone,,500.0,01-05-2025,
562,111,Tablet,1.0,1000.0,01-05-2025,paid
563,113,Laptop,2.0,1500.0,99-99-9999,Failed
564,48,Tablet,,1500.0,,Failed
563,263,Monitor,2.0,1500.0,2025/04/10,PAID
566,202,Laptop,,,99-99-9999,PAID
567,250,Monitor,-1.0,999999.0,99-99-9999,paid
568,197,Monitor,2.0,,99-99-9999,paid
569,231,Phone,1.0,,99-99-9999,
568,151,Keyboard,,1500.0,,Paid
571,93,Tablet,-1.0,1000.0,99-99-9999,PAID
572,111,Tablet,3.0,1000.0,99-99-9999,Paid
573,164,Laptop,3.0,1000.0,,
574,120,Keyboard,1.0,999999.0,99-99-9999,
575,270,Phone,1.0,,99-99-9999,
576,294,Monitor,-1.0,1500.0,99-99-9999,PAID
577,26,Monitor,-1.0,500.0,99-99-9999,Failed
578,64,Monitor,2.0,,99-99-9999,
577,122,Keyboard,1.0,1500.0,01-05-2025,
580,237,Tablet,2.0,999999.0,01-05-2025,
581,173,Laptop,1.0,999999.0,01-05-2025,Failed
582,141,Tablet,3.0,999999.0,01-05-2025,
583,253,Keyboard,1.0,999999.0,99-99-9999,Failed
582,63,Tablet,,500.0,01-05-2025,PAID
585,6,Phone,1.0,1500.0,,PAID
586,46,Phone,3.0,,01-05-2025,Paid
587,23,Laptop,1.0,1500.0,01-05-2025,paid
588,195,Tablet,2.0,1000.0,,Paid
589,164,Phone,,999999.0,,Paid
590,296,Monitor,-1.0,1500.0,99-99-9999,Failed
591,48,Tablet,3.0,500.0,99-99-9999,
592,106,Laptop,1.0,999999.0,01-05-2025,PAID
593,111,Monitor,-1.0,1000.0,,Paid
594,107,Keyboard,,,99-99-9999,paid
593,79,Keyboard,1.0,1000.0,2025/04/10,paid
594,232,Keyboard,,1000.0,,PAID
597,143,Monitor,2.0,1500.0,01-05-2025,PAID
596,55,Laptop,2.0,500.0,,PAID
599,15,Monitor,,999999.0,99-99-9999,paid
600,282,Laptop,3.0,999999.0,2025/04/10,PAID
599,258,Monitor,,1500.0,01-05-2025,Failed
602,190,Laptop,1.0,999999.0,,PAID
603,97,Monitor,2.0,,99-99-9999,
602,266,Monitor,1.0,500.0,2025/04/10,Paid
605,59,Laptop,1.0,,99-99-9999,PAID
606,273,Laptop,3.0,1000.0,,Failed
605,52,Phone,3.0,999999.0,2025/04/10,PAID
608,178,Tablet,,1500.0,01-05-2025,Paid
609,258,Keyboard,-1.0,1500.0,2025/04/10,PAID
610,36,Phone,2.0,1500.0,,PAID
611,243,Monitor,3.0,500.0,2025/04/10,paid
612,88,Laptop,,1500.0,,
613,251,Phone,-1.0,500.0,01-05-2025,Paid
614,117,Keyboard,,1000.0,2025/04/10,Paid
615,156,Tablet,-1.0,999999.0,99-99-9999,
616,250,Tablet,3.0,999999.0,01-05-2025,paid
617,171,Keyboard,,999999.0,01-05-2025,paid
618,76,Monitor,2.0,1000.0,99-99-9999,Failed
619,126,Keyboard,-1.0,1500.0,2025/04/10,Paid
620,194,Laptop,3.0,,,
621,136,Tablet,3.0,999999.0,,paid
622,98,Laptop,,,99-99-9999,
623,222,Monitor,,1500.0,99-99-9999,Paid
624,256,Phone,-1.0,1000.0,99-99-9999,
625,156,Monitor,3.0,500.0,99-99-9999,Paid
624,21,Phone,3.0,,01-05-2025,Paid
625,157,Laptop,-1.0,1500.0,01-05-2025,Paid
628,71,Tablet,3.0,,2025/04/10,Paid
629,74,Phone,-1.0,,01-05-2025,paid
630,17,Monitor,3.0,1000.0,,Failed
629,51,Tablet,3.0,,99-99-9999,PAID
630,166,Keyboard,2.0,1000.0,99-99-9999,PAID
631,284,Phone,3.0,1500.0,01-05-2025,paid
632,280,Phone,-1.0,999999.0,01-05-2025,PAID
633,161,Keyboard,3.0,999999.0,99-99-9999,Failed
634,216,Monitor,-1.0,500.0,01-05-2025,Failed
637,72,Keyboard,3.0,1000.0,99-99-9999,PAID
638,28,Monitor,2.0,999999.0,01-05-2025,Failed
637,28,Laptop,1.0,1500.0,01-05-2025,paid
640,149,Keyboard,-1.0,1500.0,01-05-2025,Paid
641,105,Keyboard,2.0,,,PAID
642,80,Tablet,3.0,500.0,,
643,59,Laptop,1.0,1000.0,01-05-2025,
644,127,Phone,1.0,999999.0,01-05-2025,
643,201,Laptop,1.0,1500.0,,Failed
646,121,Keyboard,3.0,,,
647,222,Phone,1.0,1000.0,2025/04/10,PAID
648,262,Keyboard,2.0,999999.0,,paid
649,52,Keyboard,-1.0,1500.0,99-99-9999,Failed
648,55,Monitor,-1.0,999999.0,2025/04/10,Paid
651,235,Laptop,,999999.0,01-05-2025,
652,18,Keyboard,-1.0,500.0,99-99-9999,PAID
651,235,Tablet,1.0,1000.0,99-99-9999,
654,179,Keyboard,-1.0,,01-05-2025,PAID
655,181,Keyboard,3.0,999999.0,2025/04/10,paid
656,202,Laptop,-1.0,999999.0,,
657,295,Keyboard,,1500.0,2025/04/10,paid
658,300,Keyboard,-1.0,500.0,01-05-2025,Paid
659,119,Laptop,1.0,999999.0,,paid
660,122,Laptop,2.0,999999.0,,Paid
661,129,Laptop,1.0,500.0,,paid
662,90,Tablet,1.0,999999.0,,PAID
663,101,Tablet,-1.0,999999.0,99-99-9999,PAID
664,83,Monitor,,1000.0,01-05-2025,
665,50,Phone,1.0,1000.0,01-05-2025,paid
664,291,Keyboard,1.0,1500.0,2025/04/10,
665,98,Phone,,999999.0,99-99-9999,paid
668,35,Monitor,-1.0,999999.0,01-05-2025,
669,66,Keyboard,3.0,500.0,01-05-2025,Failed
670,27,Keyboard,,1500.0,01-05-2025,PAID
671,129,Monitor,3.0,500.0,2025/04/10,paid
672,274,Keyboard,2.0,,99-99-9999,Failed
673,280,Laptop,,999999.0,99-99-9999,Paid
674,174,Monitor,3.0,1000.0,99-99-9999,Paid
675,105,Keyboard,3.0,500.0,2025/04/10,Failed
676,289,Keyboard,1.0,1500.0,01-05-2025,Failed
677,283,Monitor,2.0,1500.0,01-05-2025,Paid
678,255,Keyboard,2.0,1500.0,,Failed
679,117,Laptop,1.0,500.0,2025/04/10,
678,10,Keyboard,-1.0,500.0,,Failed
681,221,Monitor,,1000.0,01-05-2025,Failed
682,189,Tablet,2.0,1500.0,,Paid
683,119,Laptop,,500.0,2025/04/10,Failed
684,8,Phone,1.0,500.0,01-05-2025,PAID
683,93,Tablet,1.0,1500.0,99-99-9999,
686,150,Phone,,999999.0,,Paid
687,40,Tablet,,1000.0,,paid
688,228,Tablet,3.0,,99-99-9999,PAID
689,164,Keyboard,,500.0,01-05-2025,paid
688,249,Tablet,1.0,1000.0,2025/04/10,
691,157,Keyboard,2.0,500.0,99-99-9999,PAID
692,121,Monitor,-1.0,500.0,01-05-2025,Failed
693,139,Tablet,,999999.0,99-99-9999,Paid
694,143,Keyboard,-1.0,999999.0,01-05-2025,Failed
693,228,Laptop,2.0,1000.0,,PAID
694,273,Laptop,3.0,500.0,99-99-9999,Paid
697,135,Keyboard,2.0,500.0,99-99-9999,
696,219,Laptop,1.0,,,paid
697,218,Keyboard,,,99-99-9999,PAID
698,240,Phone,2.0,500.0,99-99-9999,paid
701,128,Keyboard,3.0,1500.0,,Paid
702,186,Tablet,3.0,,01-05-2025,Paid
703,292,Tablet,3.0,1000.0,,Failed
704,226,Laptop,-1.0,500.0,99-99-9999,Failed
705,210,Laptop,,500.0,99-99-9999,
706,33,Monitor,2.0,1500.0,99-99-9999,paid
705,66,Phone,2.0,1000.0,01-05-2025,PAID
708,20,Phone,,999999.0,99-99-9999,Paid
709,32,Tablet,3.0,500.0,99-99-9999,
710,121,Tablet,1.0,500.0,,Paid
711,122,Phone,3.0,,99-99-9999,Failed
712,219,Tablet,2.0,500.0,99-99-9999,
713,172,Monitor,3.0,999999.0,99-99-9999,
714,83,Tablet,1.0,1500.0,2025/04/10,
715,55,Keyboard,2.0,1500.0,99-99-9999,PAID
714,299,Laptop,2.0,999999.0,01-05-2025,Paid
717,290,Keyboard,,,,
718,271,Laptop,,999999.0,,paid
719,100,Keyboard,3.0,1000.0,99-99-9999,PAID
720,119,Monitor,3.0,500.0,2025/04/10,Failed
719,186,Laptop,3.0,,01-05-2025,paid
720,118,Monitor,-1.0,1000.0,2025/04/10,
723,209,Keyboard,2.0,,99-99-9999,paid
724,161,Laptop,1.0,999999.0,,
725,295,Monitor,2.0,1000.0,,Paid
726,62,Monitor,3.0,,,Paid
727,18,Monitor,1.0,1000.0,01-05-2025,PAID
726,217,Tablet,2.0,999999.0,2025/04/10,paid
729,173,Tablet,,,01-05-2025,Paid
730,182,Monitor,-1.0,999999.0,,paid
729,69,Phone,,,01-05-2025,PAID
732,190,Monitor,-1.0,1500.0,,PAID
733,50,Phone,3.0,999999.0,99-99-9999,Paid
732,147,Tablet,-1.0,1500.0,2025/04/10,PAID
735,108,Monitor,,1500.0,99-99-9999,Paid
736,146,Phone,1.0,1500.0,99-99-9999,Failed
735,115,Phone,3.0,1500.0,01-05-2025,PAID
738,73,Laptop,2.0,,2025/04/10,Paid
739,277,Keyboard,2.0,500.0,,Paid
740,105,Tablet,,999999.0,,
741,233,Tablet,1.0,500.0,,Failed
740,135,Laptop,2.0,1500.0,01-05-2025,paid
743,114,Laptop,3.0,1000.0,99-99-9999,paid
742,263,Laptop,3.0,500.0,,Paid
745,98,Keyboard,1.0,500.0,2025/04/10,PAID
744,113,Phone,3.0,999999.0,2025/04/10,Failed
747,255,Tablet,2.0,1000.0,01-05-2025,
748,2,Monitor,1.0,999999.0,2025/04/10,PAID
749,215,Tablet,,999999.0,2025/04/10,paid
748,272,Phone,3.0,1000.0,99-99-9999,Failed
749,201,Keyboard,3.0,,,paid
752,113,Laptop,3.0,999999.0,,paid
753,218,Laptop,2.0,999999.0,99-99-9999,Paid
754,204,Phone,-1.0,999999.0,,PAID
755,149,Tablet,,1000.0,,Paid
756,134,Tablet,-1.0,999999.0,,Failed
755,134,Laptop,3.0,999999.0,2025/04/10,paid
758,158,Monitor,-1.0,1000.0,2025/04/10,
759,57,Keyboard,,1500.0,2025/04/10,
760,11,Monitor,1.0,1500.0,99-99-9999,
761,26,Keyboard,2.0,1500.0,2025/04/10,PAID
760,118,Tablet,2.0,1500.0,99-99-9999,Failed
763,284,Phone,1.0,500.0,01-05-2025,
764,257,Monitor,-1.0,500.0,2025/04/10,paid
765,13,Phone,2.0,500.0,99-99-9999,Paid
764,206,Phone,3.0,500.0,01-05-2025,Paid
765,11,Laptop,,,2025/04/10,Paid
766,100,Keyboard,3.0,1500.0,,
769,155,Tablet,-1.0,1000.0,01-05-2025,paid
768,193,Tablet,-1.0,500.0,2025/04/10,Failed
771,248,Tablet,,,2025/04/10,Failed
772,255,Monitor,3.0,,01-05-2025,Failed
773,296,Laptop,-1.0,1000.0,,paid
772,289,Laptop,3.0,1500.0,2025/04/10,Paid
775,288,Phone,2.0,999999.0,2025/04/10,Paid
776,207,Keyboard,-1.0,,2025/04/10,Paid
775,130,Monitor,3.0,1500.0,2025/04/10,Paid
778,290,Keyboard,-1.0,500.0,99-99-9999,PAID
777,280,Monitor,3.0,1000.0,99-99-9999,Failed
778,264,Keyboard,1.0,500.0,,Paid
779,66,Laptop,2.0,,01-05-2025,PAID
782,225,Laptop,1.0,999999.0,,PAID
781,72,Keyboard,-1.0,999999.0,01-05-2025,paid
784,223,Tablet,3.0,,99-99-9999,
785,289,Phone,2.0,1500.0,2025/04/10,
786,266,Keyboard,3.0,999999.0,,PAID
787,70,Phone,,999999.0,01-05-2025,paid
786,92,Phone,-1.0,500.0,01-05-2025,paid
789,103,Laptop,,999999.0,99-99-9999,Paid
790,240,Keyboard,2.0,500.0,99-99-9999,
791,177,Laptop,2.0,1500.0,99-99-9999,Failed
792,189,Keyboard,-1.0,1500.0,2025/04/10,Paid
793,53,Phone,3.0,1000.0,99-99-9999,
794,65,Keyboard,,999999.0,99-99-9999,
795,243,Phone,2.0,500.0,2025/04/10,PAID
796,76,Phone,2.0,999999.0,01-05-2025,paid
797,27,Phone,,999999.0,,Failed
798,155,Keyboard,1.0,1000.0,,Failed
797,243,Tablet,3.0,,99-99-9999,
800,110,Phone,3.0,1000.0,,
799,251,Tablet,1.0,,,paid
802,13,Tablet,-1.0,1500.0,,PAID
803,196,Tablet,2.0,500.0,2025/04/10,Failed
804,270,Phone,1.0,,99-99-9999,paid
805,189,Tablet,,500.0,99-99-9999,Paid
806,246,Monitor,1.0,1500.0,99-99-9999,Paid
807,242,Keyboard,-1.0,999999.0,2025/04/10,Failed
808,20,Tablet,1.0,,2025/04/10,PAID
809,43,Monitor,1.0,500.0,,Paid
810,50,Keyboard,3.0,1000.0,01-05-2025,paid
811,87,Keyboard,3.0,,01-05-2025,Failed
810,32,Laptop,2.0,,2025/04/10,paid
813,89,Monitor,1.0,1500.0,2025/04/10,
812,89,Laptop,3.0,1500.0,99-99-9999,Paid
815,239,Keyboard,1.0,,,Paid
816,47,Phone,1.0,1000.0,99-99-9999,
817,87,Laptop,2.0,1500.0,,Paid
818,158,Phone,2.0,1500.0,01-05-2025,Failed
819,92,Tablet,2.0,,99-99-9999,Failed
820,97,Tablet,2.0,1000.0,99-99-9999,paid
819,136,Laptop,-1.0,1500.0,99-99-9999,paid
820,88,Laptop,,999999.0,2025/04/10,
823,223,Tablet,3.0,1000.0,99-99-9999,
824,47,Keyboard,2.0,1500.0,2025/04/10,Failed
825,17,Laptop,,1000.0,,PAID
824,166,Tablet,,999999.0,01-05-2025,paid
827,184,Laptop,2.0,999999.0,,paid
828,52,Phone,3.0,1500.0,2025/04/10,Failed
829,12,Monitor,,999999.0,,Failed
828,125,Tablet,3.0,,99-99-9999,Failed
829,154,Laptop,2.0,,01-05-2025,Failed
830,138,Keyboard,-1.0,,01-05-2025,PAID
833,154,Keyboard,,1000.0,2025/04/10,PAID
834,28,Laptop,3.0,1000.0,99-99-9999,Failed
833,85,Monitor,1.0,1000.0,2025/04/10,PAID
836,158,Laptop,2.0,1000.0,2025/04/10,Failed
837,126,Phone,,1500.0,01-05-2025,Failed
838,177,Laptop,-1.0,,,PAID
837,193,Monitor,2.0,500.0,,PAID
840,69,Monitor,3.0,1500.0,,
839,274,Laptop,3.0,999999.0,01-05-2025,PAID
842,121,Tablet,3.0,1500.0,01-05-2025,
841,40,Phone,2.0,999999.0,2025/04/10,Paid
844,155,Monitor,1.0,1500.0,,PAID
843,78,Tablet,3.0,999999.0,,Paid
846,216,Phone,2.0,999999.0,01-05-2025,Failed
847,178,Laptop,-1.0,500.0,2025/04/10,paid
848,295,Keyboard,-1.0,999999.0,01-05-2025,Failed
847,217,Laptop,3.0,999999.0,99-99-9999,Paid
848,258,Tablet,-1.0,1500.0,99-99-9999,Paid
851,218,Keyboard,-1.0,500.0,2025/04/10,Paid
852,133,Phone,,,,Failed
853,238,Tablet,1.0,500.0,,Failed
854,26,Keyboard,3.0,1500.0,,paid
855,13,Keyboard,3.0,1000.0,99-99-9999,paid
854,9,Monitor,3.0,1500.0,01-05-2025,
857,183,Laptop,,999999.0,2025/04/10,PAID
858,274,Laptop,2.0,1000.0,,Failed
859,177,Monitor,,1000.0,,Paid
860,168,Tablet,1.0,1000.0,01-05-2025,Failed
861,173,Tablet,-1.0,999999.0,01-05-2025,PAID
862,41,Monitor,1.0,1000.0,99-99-9999,paid
863,26,Tablet,,999999.0,2025/04/10,Failed
864,96,Tablet,,500.0,,PAID
865,140,Laptop,-1.0,1000.0,01-05-2025,Failed
866,141,Tablet,-1.0,,99-99-9999,Paid
867,116,Laptop,3.0,1000.0,01-05-2025,
868,236,Keyboard,-1.0,,99-99-9999,
867,244,Keyboard,1.0,1500.0,99-99-9999,paid
870,228,Phone,-1.0,999999.0,2025/04/10,
871,200,Tablet,-1.0,500.0,01-05-2025,Failed
872,43,Phone,,1500.0,99-99-9999,paid
873,232,Monitor,1.0,1000.0,2025/04/10,
874,290,Monitor,-1.0,500.0,99-99-9999,
873,121,Monitor,,1000.0,,
876,50,Monitor,2.0,1000.0,01-05-2025,
877,92,Phone,-1.0,,,paid
878,215,Keyboard,3.0,1500.0,99-99-9999,Paid
879,258,Keyboard,,999999.0,2025/04/10,Failed
878,238,Tablet,-1.0,1000.0,2025/04/10,Failed
881,2,Keyboard,3.0,999999.0,2025/04/10,Paid
880,298,Monitor,-1.0,999999.0,2025/04/10,Paid
883,71,Keyboard,,,01-05-2025,
882,12,Tablet,,1000.0,2025/04/10,
883,47,Tablet,1.0,,,
886,83,Monitor,3.0,1000.0,2025/04/10,Failed
887,166,Phone,3.0,500.0,01-05-2025,PAID
886,236,Phone,,999999.0,2025/04/10,PAID
887,257,Laptop,,1500.0,2025/04/10,PAID
888,36,Laptop,1.0,999999.0,,Failed
891,214,Tablet,,500.0,01-05-2025,Failed
890,31,Tablet,-1.0,500.0,99-99-9999,Failed
891,220,Laptop,1.0,1000.0,99-99-9999,
894,87,Tablet,-1.0,1500.0,2025/04/10,PAID
893,108,Tablet,1.0,1500.0,01-05-2025,Failed
894,126,Tablet,3.0,1500.0,,paid
895,133,Keyboard,3.0,,01-05-2025,PAID
898,268,Tablet,1.0,1000.0,99-99-9999,
899,150,Tablet,2.0,,99-99-9999,Failed
898,151,Phone,2.0,1000.0,99-99-9999,Failed
901,117,Laptop,2.0,,99-99-9999,PAID
902,133,Tablet,,,,Failed
903,177,Phone,,,99-99-9999,
904,194,Monitor,2.0,,,PAID
903,195,Laptop,1.0,1500.0,2025/04/10,paid
906,115,Phone,3.0,,01-05-2025,PAID
907,256,Monitor,,500.0,2025/04/10,PAID
908,17,Monitor,1.0,1500.0,01-05-2025,paid
909,29,Monitor,,,2025/04/10,PAID
910,94,Phone,2.0,999999.0,2025/04/10,Paid
911,283,Tablet,1.0,1000.0,01-05-2025,PAID
912,32,Phone,2.0,1000.0,,Failed
913,275,Laptop,3.0,500.0,2025/04/10,Failed
914,227,Laptop,-1.0,1000.0,01-05-2025,
915,250,Tablet,,500.0,,Paid
914,100,Keyboard,,999999.0,01-05-2025,paid
915,139,Monitor,2.0,1500.0,,
918,154,Tablet,,1000.0,99-99-9999,paid
919,226,Laptop,2.0,999999.0,01-05-2025,paid
918,254,Phone,2.0,500.0,,paid
921,227,Tablet,,1000.0,2025/04/10,Paid
922,110,Tablet,,1500.0,99-99-9999,
921,53,Tablet,,1000.0,2025/04/10,paid
924,99,Monitor,2.0,1000.0,2025/04/10,paid
923,214,Tablet,2.0,1500.0,,paid
926,75,Tablet,3.0,1500.0,99-99-9999,Failed
927,218,Keyboard,-1.0,999999.0,01-05-2025,Failed
928,210,Tablet,2.0,999999.0,99-99-9999,Paid
929,107,Tablet,3.0,1500.0,01-05-2025,paid
928,196,Tablet,,,2025/04/10,PAID
929,141,Laptop,1.0,1000.0,2025/04/10,paid
930,241,Laptop,-1.0,999999.0,2025/04/10,paid
931,31,Laptop,1.0,1500.0,99-99-9999,
934,225,Tablet,1.0,999999.0,2025/04/10,Paid
935,212,Phone,2.0,,99-99-9999,
936,288,Laptop,-1.0,1000.0,99-99-9999,
937,286,Keyboard,3.0,500.0,2025/04/10,Paid
938,185,Monitor,2.0,1000.0,99-99-9999,Failed
939,236,Tablet,3.0,1000.0,99-99-9999,paid
940,72,Laptop,-1.0,999999.0,,Failed
941,271,Laptop,,1500.0,01-05-2025,
940,17,Keyboard,3.0,,,paid
943,35,Laptop,,500.0,01-05-2025,
944,263,Laptop,,999999.0,2025/04/10,Paid
943,142,Monitor,-1.0,1000.0,99-99-9999,Paid
946,295,Tablet,-1.0,,,Paid
945,295,Tablet,1.0,,,Paid
948,116,Tablet,-1.0,1000.0,99-99-9999,PAID
949,273,Monitor,2.0,,99-99-9999,
950,97,Phone,2.0,1500.0,2025/04/10,Paid
951,274,Keyboard,1.0,1000.0,99-99-9999,Paid
952,162,Phone,2.0,1000.0,99-99-9999,PAID
951,139,Phone,2.0,1500.0,01-05-2025,PAID
952,64,Monitor,1.0,999999.0,2025/04/10,Failed
955,229,Monitor,-1.0,1000.0,2025/04/10,Failed
956,48,Phone,,,01-05-2025,PAID
957,62,Monitor,,1500.0,99-99-9999,Failed
958,108,Laptop,,1500.0,,paid
959,234,Laptop,1.0,999999.0,,Failed
960,182,Tablet,3.0,500.0,,paid
961,44,Monitor,-1.0,500.0,99-99-9999,paid
962,73,Phone,2.0,,01-05-2025,PAID
963,72,Monitor,1.0,500.0,2025/04/10,paid
964,213,Phone,-1.0,1000.0,2025/04/10,
965,93,Tablet,1.0,1000.0,01-05-2025,Failed
966,157,Monitor,3.0,1500.0,99-99-9999,Paid
967,170,Laptop,-1.0,500.0,2025/04/10,Failed
968,277,Monitor,,,2025/04/10,PAID
969,8,Tablet,2.0,500.0,,Paid
970,244,Monitor,-1.0,,,PAID
971,160,Monitor,-1.0,1500.0,2025/04/10,paid
972,50,Monitor,-1.0,,2025/04/10,PAID
973,264,Phone,2.0,1000.0,01-05-2025,Paid
972,145,Keyboard,1.0,1000.0,2025/04/10,paid
975,155,Tablet,-1.0,,99-99-9999,PAID
976,217,Tablet,2.0,,01-05-2025,Failed
977,102,Phone,1.0,1000.0,01-05-2025,PAID
978,204,Tablet,1.0,,,Failed
979,97,Keyboard,-1.0,999999.0,2025/04/10,Failed
980,280,Monitor,1.0,1500.0,99-99-9999,paid
981,131,Tablet,-1.0,,,Paid
982,266,Tablet,1.0,1500.0,,Paid
983,49,Phone,-1.0,500.0,01-05-2025,
984,65,Tablet,3.0,999999.0,,
985,259,Phone,-1.0,,2025/04/10,PAID
986,9,Phone,3.0,,2025/04/10,
987,273,Tablet,,1000.0,2025/04/10,paid
988,52,Phone,,1000.0,2025/04/10,
987,104,Tablet,1.0,999999.0,99-99-9999,Failed
988,244,Monitor,3.0,1000.0,99-99-9999,Paid
991,129,Keyboard,3.0,1000.0,01-05-2025,Paid
990,72,Phone,-1.0,1000.0,2025/04/10,Failed
993,215,Monitor,,1000.0,2025/04/10,paid
994,116,Tablet,2.0,999999.0,01-05-2025,
995,106,Monitor,2.0,1500.0,99-99-9999,Paid
996,267,Tablet,,500.0,,PAID
995,153,Laptop,,,,PAID
998,175,Tablet,1.0,999999.0,99-99-9999,Paid
997,219,Keyboard,2.0,999999.0,99-99-9999,PAID
1000,46,Keyboard,,1500.0,2025/04/10,Failed
